<?xml version="1.0"?>
<doc>
    <assembly>
        <name>Orts.Parsers.OR</name>
    </assembly>
    <members>
        <member name="M:Orts.Parsers.OR.JsonReader.ReadFile(System.String,System.Func{Orts.Parsers.OR.JsonReader,System.Boolean})">
            <summary>
            Read the JSON file (check first that it exists) using a method TryParse() which is specific for the expected objects.  
            </summary>
            <param name="fileName"></param>
            <param name="tryParse"></param>
        </member>
        <member name="P:Orts.Parsers.OR.JsonReader.Path">
            <summary>
            Contains a condensed account of the position of the current item in the JSO, such as when parsing "Clear" from a WeatherFile:
            JsonReader item;
              item.Path = "Changes[].Type"
            </summary>
        </member>
        <member name="M:Orts.Parsers.OR.JsonReader.#ctor(System.String,Newtonsoft.Json.JsonTextReader)">
            <summary>
            Note the values needed for parsing and helpful error messages
            </summary>
            <param name="fileName"></param>
            <param name="reader"></param>
        </member>
        <member name="T:Orts.Parsers.OR.TimetableReader">
            <summary>
            Reads a timetable file into a 2D collection of strings which will need further processing.
            </summary>
        </member>
    </members>
</doc>
