<?xml version="1.0"?>
<doc>
    <assembly>
        <name>RailDriver</name>
    </assembly>
    <members>
        <member name="T:RailDriver.IDataHandler">
            <summary>
            DataHandler Callback Interface
            </summary>
        </member>
        <member name="M:RailDriver.IDataHandler.HandleHidData(System.Byte[],RailDriver.PIEDevice,System.Int32)">
            <summary>
            Handle Input Data
            </summary>
            <param name="data"></param>
            <param name="sourceDevice"></param>
            <param name="error"></param>
        </member>
        <member name="T:RailDriver.IErrorHandler">
            <summary>
            ErrorHandler Callback Interface
            </summary>
        </member>
        <member name="M:RailDriver.IErrorHandler.HandleHidError(RailDriver.PIEDevice,System.Int32)">
            <summary>
            Handle Error Data
            </summary>
            <param name="sourceDevices"></param>
            <param name="error"></param>
        </member>
        <member name="T:RailDriver.PIEDevice">
            <summary>
            PIE Device
            </summary>
        </member>
        <member name="P:RailDriver.PIEDevice.Path">
            <summary>
            Device Path
            </summary>
        </member>
        <member name="P:RailDriver.PIEDevice.Vid">
            <summary>
            Vendor ID
            </summary>
        </member>
        <member name="P:RailDriver.PIEDevice.Pid">
            <summary>
            Product ID
            </summary>
        </member>
        <member name="P:RailDriver.PIEDevice.Version">
            <summary>
            Version
            </summary>
        </member>
        <member name="P:RailDriver.PIEDevice.HidUsage">
            <summary>
            HID Usage
            </summary>
        </member>
        <member name="P:RailDriver.PIEDevice.HidUsagePage">
            <summary>
            HID Usage Page
            </summary>
        </member>
        <member name="P:RailDriver.PIEDevice.ReadLength">
            <summary>
            Read Buffer Length
            </summary>
        </member>
        <member name="P:RailDriver.PIEDevice.WriteLength">
            <summary>
            Write Buffer Length
            </summary>
        </member>
        <member name="P:RailDriver.PIEDevice.ManufacturersString">
            <summary>
            Manufacturer Name
            </summary>
        </member>
        <member name="P:RailDriver.PIEDevice.ProductString">
            <summary>
            Product Name
            </summary>
        </member>
        <member name="P:RailDriver.PIEDevice.SuppressDuplicateReports">
            <summary>
            Suppresses duplicate/same reports, only reporting changes
            </summary>
        </member>
        <member name="P:RailDriver.PIEDevice.CallNever">
            <summary>
            ???
            </summary>
        </member>
        <member name="M:RailDriver.PIEDevice.#ctor(System.String,System.Int32,System.Int32,System.Int32,System.Int32,System.Int32,System.Int32,System.Int32,System.String,System.String)">
            <summary>
            public ctor
            </summary>
            <param name="path"></param>
            <param name="vid"></param>
            <param name="pid"></param>
            <param name="version"></param>
            <param name="hidUsage"></param>
            <param name="hidUsagePage"></param>
            <param name="readSize"></param>
            <param name="writeSize"></param>
            <param name="manufacturersString"></param>
            <param name="productString"></param>
        </member>
        <member name="M:RailDriver.PIEDevice.GetErrorString(System.Int32)">
            <summary>
            Translating error codes into messages
            </summary>
            <param name="error"></param>
            <returns></returns>
        </member>
        <member name="M:RailDriver.PIEDevice.WriteThread">
            <summary>
            Write Thread
            </summary>
        </member>
        <member name="M:RailDriver.PIEDevice.SetupInterface">
            <summary>
            Sets connection to the enumerated device. 
            If inputReportSize greater than zero it generates a read handle.
            If outputReportSize greater than zero it generates a write handle.
            </summary>
            <returns></returns>
        </member>
        <member name="M:RailDriver.PIEDevice.CloseInterface">
            <summary>
            CLoses any open handles and shut down the active interface
            </summary>
        </member>
        <member name="M:RailDriver.PIEDevice.SetDataCallback(RailDriver.IDataHandler)">
            <summary>
            IDataHandler Setup
            </summary>
            <param name="handler"></param>
            <returns></returns>
        </member>
        <member name="M:RailDriver.PIEDevice.SetErrorCallback(RailDriver.IErrorHandler)">
            <summary>
            IErrorHandler Setup
            </summary>
            <param name="handler"></param>
            <returns></returns>
        </member>
        <member name="M:RailDriver.PIEDevice.ReadLast(System.Byte[]@)">
            <summary>
            Reading last n bytes from buffer
            </summary>
            <param name="dest"></param>
            <returns></returns>
        </member>
        <member name="M:RailDriver.PIEDevice.ReadData(System.Byte[]@)">
            <summary>
            Reading n bytes from buffer
            </summary>
            <param name="dest"></param>
            <returns></returns>
        </member>
        <member name="M:RailDriver.PIEDevice.BlockingReadData(System.Byte[]@,System.Int32)">
            <summary>
            Blocking Read, waiting for data
            </summary>
            <param name="dest"></param>
            <param name="maxMillis"></param>
            <returns></returns>
        </member>
        <member name="M:RailDriver.PIEDevice.WriteData(System.Byte[])">
            <summary>
            Writing to the device
            </summary>
            <param name="wData"></param>
            <returns></returns>
        </member>
        <member name="M:RailDriver.PIEDevice.EnumeratePIE">
            <summary>
            Enumerates all valid PIE USB devics.
            </summary>
            <returns>list of all devices found, ordered by USB port connection</returns>
        </member>
        <member name="M:RailDriver.PIEDevice.EnumeratePIE(System.Int32)">
            <summary>
            Enumerates all valid USB devics of the specified Vid.
            </summary>
            <returns>list of all devices found, ordered by USB port connection</returns>
        </member>
        <member name="M:RailDriver.PIEDevice.ConvertToSplatMode">
            <summary>
            ???
            </summary>
            <returns></returns>
        </member>
        <member name="M:RailDriver.PIEDevice.SendLEDSausage">
            <summary>
            ???
            </summary>
            <returns></returns>
        </member>
        <member name="M:RailDriver.RingBuffer.#ctor(System.Int32,System.Int32)">
            <summary>
            Creating a new RingBuffer instance for elements Elements of size elementSize (in byte)
            </summary>
            <param name="elements"></param>
            <param name="elementSize"></param>
        </member>
        <member name="M:RailDriver.RingBuffer.TryPut(System.Byte[])">
            <summary>
            Puts a new data element into the ring buffer. If the buffer
            is full(ie the get() has not been called for too long) an
            error code 3 is returned and the data is not entered into
            the buffer.
            </summary>
        </member>
        <member name="M:RailDriver.RingBuffer.Put(System.Byte[])">
            <summary>
            Puts a new data element into the ring buffer. If the buffer
            is full(ie the get() has not been called for too long) then
            the oldest data is overwritten.
            </summary>
        </member>
        <member name="M:RailDriver.RingBuffer.TryPutChanged(System.Byte[])">
            <summary>
            Puts a new data element into the ring buffera value 
            if this element is different than the previous entry.
            </summary>
        </member>
        <member name="M:RailDriver.RingBuffer.Get(System.Byte[])">
            <summary>
            Gets the current element from the ring buffer.
            </summary>
        </member>
        <member name="M:RailDriver.RingBuffer.GetLast(System.Byte[])">
            <summary>
            Retrieves the most recently entered value
            from the ring buffer without modifing the status
            of the buffer. "getlast()" is not affected by the use
            of get() and will retrive the same value over again
            if put() has not been used in the intervening period.
            </summary>
        </member>
        <member name="M:RailDriver.RingBuffer.Clear">
            <summary>
            Clears and initializes the ring buffer. After a call
            to clear and before any calls to put() the GetLast
            will return 2 (no data yet) and Get will return 1 (no data).
            </summary>
        </member>
        <member name="M:RailDriver.RingBuffer.IsEmpty">
            <summary>
             Returns true if calling get() would result in the return of no data.
            </summary>
        </member>
    </members>
</doc>
