<?xml version="1.0"?>
<doc>
    <assembly>
        <name>Updater</name>
    </assembly>
    <members>
        <member name="F:Updater.UpdaterProgress.components">
            <summary>
            Required designer variable.
            </summary>
        </member>
        <member name="M:Updater.UpdaterProgress.Dispose(System.Boolean)">
            <summary>
            Clean up any resources being used.
            </summary>
            <param name="disposing">true if managed resources should be disposed; otherwise, false.</param>
        </member>
        <member name="M:Updater.UpdaterProgress.InitializeComponent">
            <summary>
            Required method for Designer support - do not modify
            the contents of this method with the code editor.
            </summary>
        </member>
        <member name="M:Updater.Program.Main">
            <summary>
            The main entry point for the application.
            </summary>
        </member>
    </members>
</doc>
